<NotepadPlus>
    <UserLang name="LOLCODE" ext="LOL">
        <Settings>
            <Global caseIgnored="no" escapeChar=":" />
            <TreatAsSymbol comment="no" commentLine="no" />
            <Prefix words1="no" words2="no" words3="no" words4="no" />
        </Settings>
        <KeywordLists>
            <Keywords name="Delimiters">&quot;00&quot;00</Keywords>
            <Keywords name="Folder+">WTF? HOW IN RLY?</Keywords>
            <Keywords name="Folder-">OIC SO OUTTA</Keywords>
            <Keywords name="Operators"></Keywords>
            <Keywords name="Comment">1OBTW 2TLDR 0BTW 0^^</Keywords>
            <Keywords name="Words1">YARN NUMBR NUMBAR TROOF NOOB</Keywords>
            <Keywords name="Words2">SUM OF DIFF PRODUKT QUOSHUNT MOD BIGGR SMALLR BOTH EITHER WON NOT ALL ANY SAEM DIFFRINT AN SMOOSH MKAY MAEK AND OR XOR</Keywords>
            <Keywords name="Words3">HAI KTHXBYE I HAS A ITZ R VISIBLE GIMMEH IS NOW HAI,</Keywords>
            <Keywords name="Words4">OMG OMGWTF TIL WILE FOUND GTFO DUZ U SAY IF O YA RLY MEBBE NO WAI IM YR RLY, WAI,</Keywords>
        </KeywordLists>
        <Styles>
            <WordsStyle name="DEFAULT" styleID="11" fgColor="000000" bgColor="FFFFFF" fontName="" fontStyle="0" />
            <WordsStyle name="FOLDEROPEN" styleID="12" fgColor="008000" bgColor="FFFFFF" fontName="" fontStyle="2" />
            <WordsStyle name="FOLDERCLOSE" styleID="13" fgColor="008000" bgColor="FFFFFF" fontName="" fontStyle="2" />
            <WordsStyle name="KEYWORD1" styleID="5" fgColor="FF0000" bgColor="FFFFFF" fontName="" fontStyle="0" />
            <WordsStyle name="KEYWORD2" styleID="6" fgColor="FF00FF" bgColor="FFFFFF" fontName="" fontStyle="0" />
            <WordsStyle name="KEYWORD3" styleID="7" fgColor="0000FF" bgColor="FFFFFF" fontName="" fontStyle="0" />
            <WordsStyle name="KEYWORD4" styleID="8" fgColor="008000" bgColor="FFFFFF" fontName="" fontStyle="2" />
            <WordsStyle name="COMMENT" styleID="1" fgColor="008080" bgColor="FFFFFF" fontName="" fontStyle="0" />
            <WordsStyle name="COMMENT LINE" styleID="2" fgColor="408080" bgColor="FFFFFF" fontName="" fontStyle="0" />
            <WordsStyle name="NUMBER" styleID="4" fgColor="FF00FF" bgColor="FFFFFF" fontName="" fontStyle="1" />
            <WordsStyle name="OPERATOR" styleID="10" fgColor="000000" bgColor="FFFFFF" fontName="" fontStyle="0" />
            <WordsStyle name="DELIMINER1" styleID="14" fgColor="804040" bgColor="FFFFFF" fontName="" fontStyle="2" />
            <WordsStyle name="DELIMINER2" styleID="15" fgColor="000000" bgColor="FFFFFF" fontName="" fontStyle="0" />
            <WordsStyle name="DELIMINER3" styleID="16" fgColor="000000" bgColor="FFFFFF" fontName="" fontStyle="0" />
        </Styles>
    </UserLang>
</NotepadPlus>
